{
  "base": "pythia-1.4b",
  "layer": 22,
  "positions_ge_4": {
    "n_tokens": 295060,
    "topk": {
      "mse": 1.1688327235189089,
      "ev": 0.802135622864212,
      "l0": 32.0
    },
    "register_subtracted": {
      "mse": 1.4144271628214917,
      "ev": 0.760560477180132,
      "l0": 32.0
    }
  },
  "positions_0_to_3": {
    "n_tokens": 4940,
    "topk": {
      "mse": 1.6756475409998102,
      "ev": 0.9770772449292774,
      "l0": 32.0
    },
    "register_subtracted": {
      "mse": 0.6913087790794218,
      "ev": 0.9905429385158034,
      "l0": 32.0
    }
  },
  "all_positions": {
    "n_tokens": 300000,
    "topk": {
      "mse": 1.1771782710774739,
      "ev": 0.8405351551856978,
      "l0": 32.0
    },
    "register_subtracted": {
      "mse": 1.402519822591146,
      "ev": 0.8100095700426325,
      "l0": 32.0
    }
  },
  "ce_recovery": {
    "topk": {
      "ce_clean": 2.7525614365572775,
      "ce_recon": 3.361483975398977,
      "ce_zero": 8.531077259557785,
      "recovered": 0.8946230212924267
    },
    "register_subtracted": {
      "ce_clean": 2.7525614365572775,
      "ce_recon": 3.6546619159345046,
      "ce_zero": 16.34579912524576,
      "recovered": 0.9336360843503897
    }
  }
}