{
  "base": "gpt2-small",
  "layer": 10,
  "positions_ge_4": {
    "n_tokens": 491764,
    "topk": {
      "mse": 4.933125791461432,
      "ev": 0.7971801761777098,
      "l0": 32.0
    },
    "register_subtracted": {
      "mse": 5.298385448466515,
      "ev": 0.7821629432072092,
      "l0": 32.0
    }
  },
  "positions_0_to_3": {
    "n_tokens": 8236,
    "topk": {
      "mse": 4946.753432592683,
      "ev": -1.2507974109527855,
      "l0": 32.0
    },
    "register_subtracted": {
      "mse": 2.569841616783247,
      "ev": 0.9988307092851032,
      "l0": 32.0
    }
  },
  "all_positions": {
    "n_tokens": 500000,
    "topk": {
      "mse": 86.33478916666667,
      "ev": -0.18422376284182884,
      "l0": 32.0
    },
    "register_subtracted": {
      "mse": 5.253440911132812,
      "ev": 0.9279404093795958,
      "l0": 32.0
    }
  },
  "ce_recovery": {
    "topk": {
      "ce_clean": 3.3882993655942877,
      "ce_recon": 3.624910021882678,
      "ce_zero": 8.140801177153715,
      "recovered": 0.9502134526886686
    },
    "register_subtracted": {
      "ce_clean": 3.3882993655942877,
      "ce_recon": 3.6611707232800983,
      "ce_zero": 8.501359989250615,
      "recovered": 0.9466324814489131
    }
  }
}