{
  "base": "qwen2.5-0.5b",
  "layer": 20,
  "positions_ge_4": {
    "n_tokens": 491764,
    "topk": {
      "mse": 0.3766394100189187,
      "ev": 0.8161508333315576,
      "l0": 32.0
    },
    "register_subtracted": {
      "mse": 0.39801648629197256,
      "ev": 0.805716031358999,
      "l0": 32.0
    }
  },
  "positions_0_to_3": {
    "n_tokens": 8236,
    "topk": {
      "mse": 798.1246959125442,
      "ev": -0.3445877088691738,
      "l0": 32.0
    },
    "register_subtracted": {
      "mse": 0.3200666754083482,
      "ev": 0.9994607888717432,
      "l0": 32.0
    }
  },
  "all_positions": {
    "n_tokens": 500000,
    "topk": {
      "mse": 13.51714567857143,
      "ev": 0.09832855469874291,
      "l0": 32.0
    },
    "register_subtracted": {
      "mse": 0.39673249836077007,
      "ev": 0.9735356580670705,
      "l0": 32.0
    }
  },
  "ce_recovery": {
    "topk": {
      "ce_clean": 2.700157201134933,
      "ce_recon": 3.0063047772161324,
      "ce_zero": 8.75970385520296,
      "recovered": 0.9494768183894303
    },
    "register_subtracted": {
      "ce_clean": 2.700157201134933,
      "ce_recon": 3.062581919944424,
      "ce_zero": 11.167776124186318,
      "recovered": 0.9571987447589472
    }
  }
}