{
  "positions_ge_4": {
    "n_tokens": 495180,
    "topk": {
      "mse": 0.020424310942023516,
      "ev": 0.8627095967898062,
      "l0": 32.0
    },
    "position_aware": {
      "mse": 0.024606289962385838,
      "ev": 0.8345987054333299,
      "l0": 32.0
    },
    "register_subtracted": {
      "mse": 0.020686388165143007,
      "ev": 0.8609479369846643,
      "l0": 32.0
    }
  },
  "positions_0_to_3": {
    "n_tokens": 4820,
    "topk": {
      "mse": 616.3280231179609,
      "ev": -0.04865974309461807,
      "l0": 32.0
    },
    "position_aware": {
      "mse": 0.20363285627743868,
      "ev": 0.9996535260920488,
      "l0": 32.0
    },
    "register_subtracted": {
      "mse": 0.048231260325686774,
      "ev": 0.9999179362625662,
      "l0": 32.0
    }
  },
  "all_positions": {
    "n_tokens": 500000,
    "topk": {
      "mse": 5.961629120093209,
      "ev": 0.22453170689021873,
      "l0": 32.0
    },
    "position_aware": {
      "mse": 0.026332105965750557,
      "ev": 0.9965748098622198,
      "l0": 32.0
    },
    "register_subtracted": {
      "mse": 0.02095192066519601,
      "ev": 0.9972746459351438,
      "l0": 32.0
    }
  },
  "ce_recovery": {
    "topk": {
      "ce_clean": 2.594501088495196,
      "ce_recon": 2.6971768999067005,
      "ce_zero": 10.945443199854152,
      "recovered": 0.987704882869222
    },
    "position_aware": {
      "ce_clean": 2.594501088495196,
      "ce_recon": 2.7474902276724436,
      "ce_zero": 12.152838666781056,
      "recovered": 0.9839941686591192
    },
    "register_subtracted": {
      "ce_clean": 2.594501088495196,
      "ce_recon": 2.700828637075326,
      "ce_zero": 13.758248434282773,
      "recovered": 0.9904756400080794
    }
  }
}