{
  "positions_ge_4": {
    "n_tokens": 495180,
    "topk": {
      "mse": 0.06651428771684936,
      "ev": 0.8243305141341772,
      "l0": 32.0
    },
    "position_aware": {
      "mse": 0.0744700199685008,
      "ev": 0.8033187970684659,
      "l0": 32.0
    }
  },
  "positions_0_to_3": {
    "n_tokens": 4820,
    "topk": {
      "mse": 878.9554682868999,
      "ev": -0.47278529147444015,
      "l0": 32.0
    },
    "position_aware": {
      "mse": 0.19907825336558055,
      "ev": 0.9996664227779586,
      "l0": 32.0
    }
  },
  "all_positions": {
    "n_tokens": 500000,
    "topk": {
      "mse": 8.539004368927001,
      "ev": -0.06358870613337997,
      "l0": 32.0
    },
    "position_aware": {
      "mse": 0.07567124390956334,
      "ev": 0.9905746528606837,
      "l0": 32.0
    }
  },
  "ce_recovery": {
    "topk": {
      "ce_clean": 2.594501088495196,
      "ce_recon": 2.960354478112131,
      "ce_zero": 9.069508729409746,
      "recovered": 0.9434976126815411,
      "n_tokens": 14570
    },
    "position_aware": {
      "ce_clean": 2.594501088495196,
      "ce_recon": 3.059611298633751,
      "ce_zero": 9.75882820543068,
      "recovered": 0.9350797077594213,
      "n_tokens": 14570
    }
  }
}