{
  "base": "qwen2.5-0.5b",
  "layer": 15,
  "d_in": 896,
  "d_hidden": 14336,
  "k": 32,
  "n_tokens": 5000000,
  "seq_len": 512,
  "lr": 0.0005,
  "batch_size": 4096,
  "epochs": 4,
  "exclude_first_n_for_non_position_aware": 4,
  "results": {
    "topk": {
      "wall_seconds": 86.34327173233032,
      "final_mse": 0.06474202871322632,
      "final_explained_var": 0.8295258763352833,
      "final_l0_mean": 32.0,
      "final_l0_std": 0.0,
      "dead_features_on_eval_batch": 1542,
      "n_history_points": 196
    },
    "position_aware": {
      "wall_seconds": 99.47322297096252,
      "final_mse": 0.07429628819227219,
      "final_explained_var": 0.9864630233541937,
      "final_l0_mean": 32.0,
      "final_l0_std": 0.0,
      "dead_features_on_eval_batch": 5848,
      "n_history_points": 196
    }
  }
}