{
  "base": "pythia-1.4b",
  "layer": 12,
  "positions_ge_4": {
    "n_tokens": 295060,
    "topk": {
      "mse": 0.23522546765990623,
      "ev": 0.9400877700928445,
      "l0": 32.0
    },
    "register_subtracted": {
      "mse": 0.2964336782732245,
      "ev": 0.9244979599292074,
      "l0": 32.0
    }
  },
  "positions_0_to_3": {
    "n_tokens": 4940,
    "topk": {
      "mse": 9.244949353175608,
      "ev": 0.9344649595044303,
      "l0": 32.0
    },
    "register_subtracted": {
      "mse": 0.26546969394452175,
      "ev": 0.9981181544129255,
      "l0": 32.0
    }
  },
  "all_positions": {
    "n_tokens": 300000,
    "topk": {
      "mse": 0.3835855874633789,
      "ev": 0.9448401110881967,
      "l0": 32.0
    },
    "register_subtracted": {
      "mse": 0.2959238049316406,
      "ev": 0.9574459397332131,
      "l0": 32.0
    }
  },
  "ce_recovery": {
    "topk": {
      "ce_clean": 2.7525614365572775,
      "ce_recon": 2.963944557698068,
      "ce_zero": 8.254698432027986,
      "recovered": 0.9615816324975553
    },
    "register_subtracted": {
      "ce_clean": 2.7525614365572775,
      "ce_recon": 3.1172121600631297,
      "ce_zero": 12.218778200072192,
      "recovered": 0.9614787266533655
    }
  }
}