{
  "positions_ge_4": {
    "n_tokens": 495180,
    "topk": {
      "mse": 0.033865811357310364,
      "ev": 0.8406861105852669,
      "l0": 32.0
    },
    "position_aware": {
      "mse": 0.03961492699359549,
      "ev": 0.8136407236300263,
      "l0": 32.0
    }
  },
  "positions_0_to_3": {
    "n_tokens": 4820,
    "topk": {
      "mse": 625.0230290456432,
      "ev": -0.057642037910211386,
      "l0": 32.0
    },
    "position_aware": {
      "mse": 0.18811781000794217,
      "ev": 0.9996816736428932,
      "l0": 32.0
    }
  },
  "all_positions": {
    "n_tokens": 500000,
    "topk": {
      "mse": 6.05876109072876,
      "ev": 0.22277469949872875,
      "l0": 32.0
    },
    "position_aware": {
      "mse": 0.041046494990757534,
      "ev": 0.9947345053013341,
      "l0": 32.0
    }
  },
  "ce_recovery": {
    "topk": {
      "ce_clean": 2.594501088495196,
      "ce_recon": 2.798814518810055,
      "ce_zero": 10.364001506734729,
      "recovered": 0.9737031444344586,
      "n_tokens": 14570
    },
    "position_aware": {
      "ce_clean": 2.594501088495196,
      "ce_recon": 2.8623259848736704,
      "ce_zero": 10.396509777689602,
      "recovered": 0.9656723150347928,
      "n_tokens": 14570
    }
  }
}