{
  "base": "qwen2.5-0.5b",
  "layer": 9,
  "d_in": 896,
  "d_hidden": 14336,
  "k": 32,
  "n_tokens": 5000000,
  "seq_len": 512,
  "lr": 0.0005,
  "batch_size": 4096,
  "epochs": 4,
  "exclude_first_n_for_non_position_aware": 4,
  "results": {
    "topk": {
      "wall_seconds": 86.30357623100281,
      "final_mse": 0.032704852521419525,
      "final_explained_var": 0.8454694631441777,
      "final_l0_mean": 32.0,
      "final_l0_std": 0.0,
      "dead_features_on_eval_batch": 430,
      "n_history_points": 196
    },
    "position_aware": {
      "wall_seconds": 99.36163806915283,
      "final_mse": 0.04066210985183716,
      "final_explained_var": 0.9954546345786534,
      "final_l0_mean": 32.0,
      "final_l0_std": 0.0,
      "dead_features_on_eval_batch": 4117,
      "n_history_points": 196
    }
  }
}