{
  "positions_ge_4": {
    "n_tokens": 495180,
    "topk": {
      "mse": 0.0338076408524324,
      "ev": 0.840959760293037,
      "l0": 32.0
    },
    "position_aware": {
      "mse": 0.039616266215074476,
      "ev": 0.8136344235718244,
      "l0": 32.0
    }
  },
  "positions_0_to_3": {
    "n_tokens": 4820,
    "topk": {
      "mse": 632.3921828689982,
      "ev": -0.0701118614290468,
      "l0": 32.0
    },
    "position_aware": {
      "mse": 0.1635990380251556,
      "ev": 0.9997231634484872,
      "l0": 32.0
    }
  },
  "all_positions": {
    "n_tokens": 500000,
    "topk": {
      "mse": 6.129742646717617,
      "ev": 0.21366909847611915,
      "l0": 32.0
    },
    "position_aware": {
      "mse": 0.04081145996311733,
      "ev": 0.9947646558828227,
      "l0": 32.0
    }
  }
}