{
  "base": "gpt2-small",
  "layer": 6,
  "positions_ge_4": {
    "n_tokens": 491764,
    "topk": {
      "mse": 0.8478419155419211,
      "ev": 0.8497184831309612,
      "l0": 32.0
    },
    "register_subtracted": {
      "mse": 0.8792081190338612,
      "ev": 0.8441587666876207,
      "l0": 32.0
    }
  },
  "positions_0_to_3": {
    "n_tokens": 8236,
    "topk": {
      "mse": 2021.4656336004532,
      "ev": 0.0792030727874451,
      "l0": 32.0
    },
    "register_subtracted": {
      "mse": 0.731718168031712,
      "ev": 0.9996666953771016,
      "l0": 32.0
    }
  },
  "all_positions": {
    "n_tokens": 500000,
    "topk": {
      "mse": 34.13145930078125,
      "ev": 0.36571655804728864,
      "l0": 32.0
    },
    "register_subtracted": {
      "mse": 0.8767786668701172,
      "ev": 0.983706345932875,
      "l0": 32.0
    }
  },
  "ce_recovery": {
    "topk": {
      "ce_clean": 3.3882993655942877,
      "ce_recon": 3.5197132157459308,
      "ce_zero": 8.42970489576935,
      "recovered": 0.9739330927922634
    },
    "register_subtracted": {
      "ce_clean": 3.3882993655942877,
      "ce_recon": 3.5298202177230498,
      "ce_zero": 16.692810388513514,
      "recovered": 0.9893629422468087
    }
  }
}